W,e,b, ,C,o,n,t,e,n,t, ,D,e,v,e,l,o,p,e,r                                                                                                                                                                                        
W,e,b, ,D,e,v,e,l,o,p,e,r                                                                                                                                                                                                        
F,r,o,n,t,-,E,n,d, ,D,e,v,e,l,o,p,e,r                                                                                                                                                                                            
W,e,b, ,I,n,f,r,a,s,t,r,u,c,t,u,r,e, ,D,e,v,e,l,o,p,e,r, ,E,x,p,e,r,i,e,n,c,e                                                                                                                                                    
W,e,b, ,D,e,v,e,l,o,p,e,r, ,6                                                                                                                                                                                                    
D,a,t,a, ,V,i,s,u,a,l,i,z,a,t,i,o,n, ,D,e,v,e,l,o,p,e,r, ,I                                                                                                                                                                      
F,r,o,n,t, ,E,n,d, ,W,e,b, ,D,e,v,e,l,o,p,e,r                                                                                                                                                                                    
L,i,q,u,i,d, ,S,t,u,d,i,o,s, ,-, ,R,e,a,c,t, ,W,e,b, ,U,I, ,D,e,v,e,l,o,p,e,r                                                                                                                                                    
W,e,b, ,D,e,s,i,g,n,e,r, ,a,n,d, ,D,e,v,e,l,o,p,e,r                                                                                                                                                                              
P,o,w,e,r, ,B,I, ,D,e,v,e,l,o,p,e,r                                                                                                                                                                                              
,                                                                                                                                                                                                                                
",G,a,p, ,I,n,c,.                                                                                                                                                                                                                
,                                                                                                                                                                                                                                
",h,i,n,t                                                                                                                                                                                                                        
",T,O,P, ,A,g,e,n,c,y                                                                                                                                                                                                            
,                                                                                                                                                                                                                                
",U,b,e,r                                                                                                                                                                                                                        
,                                                                                                                                                                                                                                
",W,e,l,l,s, ,F,a,r,g,o                                                                                                                                                                                                          
,                                                                                                                                                                                                                                
",A,c,u,m,e,n, ,L,L,C                                                                                                                                                                                                            
,                                                                                                                                                                                                                                
",W,i,l,l,i,a,m,s,-,S,o,n,o,m,a,",", ,I,n,c,.                                                                                                                                                                                    
,                                                                                                                                                                                                                                
",A,c,c,e,n,t,u,r,e                                                                                                                                                                                                              
,                                                                                                                                                                                                                                
",i,H,o,m,e,f,i,n,d,e,r                                                                                                                                                                                                          
,                                                                                                                                                                                                                                
",P,C,M, ,L,o,g,i,s,t,i,c,s,",", ,I,n,c                                                                                                                                                                                          
", ,O,u,r, ,p,a,s,t, ,i,s, ,f,u,l,l, ,o,f, ,i,c,o,n,i,c, ,m,o,m,e,n,t,s, ,—, ,b,u,t, ,o,u,r, ,f,u,t,u,r,e, ,i,s, ,g,o,i,n,g, ,t,o, ,s,p,a,r,k, ,m,a,n,y, ,m,o,r,e,.,O,u,r, ,b,r,a,n,d,s, ,—, ,G,a,p,",", ,B,a,n,a,n,a, ,R,e,p,u,b
", ,H,i,n,t, ,i,s, ,l,o,o,k,i,n,g, ,f,o,r, ,a, ,t,a,l,e,n,t,e,d, ,W,e,b, ,D,e,v,e,l,o,p,e,r, ,w,i,t,h, ,S,h,o,p,i,f,y, ,P,l,u,s, ,e,x,p,e,r,i,e,n,c,e, ,t,o, ,w,o,r,k, ,o,n, ,o,u,r, ,d,i,r,e,c,t,-,t,o,-,c,o,n,s,u,m,e,r, ,(,D,T
", ,A,r,e, ,y,o,u, ,a, ,w,e,b, ,d,e,v,e,l,o,p,e,r, ,w,h,o, ,b,o,a,s,t,s, ,n,o,t, ,o,n,l,y, ,t,h,e, ,t,e,c,h,n,i,c,a,l, ,t,a,l,e,n,t,",", ,b,u,t, ,a,l,s,o, ,t,h,e, ,c,r,e,a,t,i,v,i,t,y, ,t,o, ,b,u,i,l,d, ,a, ,w,e,b,s,i,t,e, ,t
", ,A,t, ,U,b,e,r,",", ,w,e, ,i,g,n,i,t,e, ,o,p,p,o,r,t,u,n,i,t,y, ,b,y, ,s,e,t,t,i,n,g, ,t,h,e, ,w,o,r,l,d, ,i,n, ,m,o,t,i,o,n,.,W,e, ,t,a,k,e, ,o,n, ,b,i,g, ,p,r,o,b,l,e,m,s, ,t,o, ,h,e,l,p, ,d,r,i,v,e,r,s,",", ,r,i,d,e,r,s
", ,W,e,l,l,s, ,F,a,r,g,o, ,t,e,c,h,n,o,l,o,g,y, ,t,e,a,m,s, ,d,r,i,v,e, ,i,n,n,o,v,a,t,i,o,n, ,t,o, ,c,r,e,a,t,e, ,a, ,m,o,r,e, ,p,o,w,e,r,f,u,l, ,a,n,d, ,f,u,l,f,i,l,l,i,n,g, ,f,i,n,a,n,c,i,a,l, ,e,x,p,e,r,i,e,n,c,e, ,f,o,r
", ,U,n,d,e,r, ,d,i,r,e,c,t,i,o,n,",", ,t,h,e, ,s,u,c,c,e,s,s,f,u,l, ,D,a,t,a, ,V,i,s,u,a,l,i,z,a,t,i,o,n, ,D,e,v,e,l,o,p,e,r, ,I, ,w,i,l,l, ,w,o,r,k, ,w,i,t,h, ,a,n, ,a,g,i,l,e, ,t,e,a,m, ,t,o, ,d,e,s,i,g,n, ,a,n,d, ,b,u,i,l
", ,O,u,r, ,e,C,o,m,m,e,r,c,e, ,W,e,b, ,T,e,c,h,n,o,l,o,g,i,e,s, ,T,e,a,m, ,i,s, ,l,o,o,k,i,n,g, ,f,o,r, ,a, ,F,r,o,n,t,-,E,n,d, ,W,e,b, ,D,e,v,e,l,o,p,e,r, ,w,h,o, ,i,s, ,m,o,t,i,v,a,t,e,d, ,t,o, ,c,o,m,b,i,n,e, ,t,h,e, ,a,r
", ,J,o,i,n, ,A,c,c,e,n,t,u,r,e, ,a,n,d, ,h,e,l,p, ,t,r,a,n,s,f,o,r,m, ,l,e,a,d,i,n,g, ,o,r,g,a,n,i,z,a,t,i,o,n,s, ,a,n,d, ,c,o,m,m,u,n,i,t,i,e,s, ,a,r,o,u,n,d, ,t,h,e, ,w,o,r,l,d,.,T,h,e, ,s,h,e,e,r, ,s,c,a,l,e, ,o,f, ,o,u,r
", ,I,H,o,m,e,f,i,n,d,e,r,",", ,l,o,c,a,t,e,d, ,i,n, ,B,e,r,k,e,l,e,y, ,C,A, ,a,n,d, ,p,a,r,t, ,o,f, ,t,h,e, ,F,R,O,N,T,S,T,E,P,S, ,f,a,m,i,l,y,",", ,w,a,s, ,e,s,t,a,b,l,i,s,h,e,d, ,i,n, ,2,0,0,1, ,a,n,d, ,i,s, ,a, ,l,e,a,d,i
", ,W,e, ,a,r,e, ,s,e,e,k,i,n,g, ,e,x,p,e,r,i,e,n,c,e,d, ,p,r,o,f,e,s,s,i,o,n,a,l, ,l,e,v,e,l, ,P,o,w,e,r, ,B,I, ,d,e,v,e,l,o,p,e,r, ,w,i,t,h, ,s,t,r,o,n,g, ,l,e,a,d,e,r,s,h,i,p, ,a,s, ,w,e,l,l, ,a, ,s,t,r,o,n,g, ,c,u,s,t,o,m
