Job Title-IELTS Assistant Administrator-Executive Assistant-Editor-Associate, ULI San Francisco-Part Time Free Lance Web Developer-Communications Assistant-Basic Needs Food & Outreach Coordinator-Design Contractor-Recruitment Assistant-Junior Graphic Designer (contract to hire)-Editorial Lead-Program Associate-Marketing Associate-Jr. Front End Web Developer-Senior WordPress Engineer  Healthline-ECO SYSTM Coworking Community Manager: Sales and Marketing-Health Consulting Actuarial Analyst – San Francisco – Colleg...-Front End Developer-Event Marketing Associate-Creative Engineer-Growth Manager-Implementation Engineer-Growth Marketer-Graphic Designer-Graphics Studio Manager-Executive Assistant Job   BLUM-Event Planning Intern-Interactive Producer-Implementation Engineer-Junior Visual Communications Designer-Copywriter-Business Development Representative-Web Producer, Contractor-Communications Manager Asset-Controller-Senior Brand Designer-Creative Designer-Communications and Outreach Manager-Marketing Assistant-Graphic Designer-Manager, Content   Williams Sonoma-Senior Graphic Designer-Digital UX Designer-Employer Brand Specialist-Corporate Communications Specialist-Program Administrator (7376U)   1684   1684-Reputation Strategist-Content Marketing Manager-Content Strategist-Sr. Interactive Producer-Institute Administrator (7376U), Berkeley Law   1824   1824-Digital Product Manager (7455)-Lab Manager (7376U) Job 2343   EECS   2343-Digital Marketing Manager-Inside Sales Representative-Operations Director-Senior Marketing Operations Specialist-Web Designer and Developer-Marketing Communications Specialist (7477U) Job 1766   CoE/C...-MARKETING MANAGER, SAN FRANCISCO, CA-Graphic Designer   Temporary-Communications Manager-Associate Director, Wharton San Francisco-Principal Software Engineer-Demand Generation Director-Communications and Social Media Intern-Partner Communications Manager-Web Developer and Content Manager-Marketing Communications Manager-HEALTH CONSULTING INTERN   SAN FRANCISCO   COLLEGE PROGRAM 2...-SharePoint Developer-Marketing Operations Manager-HEALTH CONSULTING ACTUARIAL ANALYST – SAN FRANCISCO – COLLEG...-Senior Program Manager, Web & Data-Global Marketing Manager-Transition, Retention & Graduation Advisor-Marketing Manager-HEALTH CONSULTING ANALYST   SAN FRANCISCO   COLLEGE PROGRAM...-Digital Designer/Front End Developer-Sales and Marketing Manager-ESE Computer Systems Engineer-Content Marketing Manager-Product Marketing Manager-Marketing Generalist-Sr. Business Intelligence Analyst-Writer and Social Media Specialist (7477U) Job 1971   CoE/Co...-Writer and Marketing Specialist (7477U) Job 1948   CoE/Colle...-SEO Manager-Web Development Manager-Digital Marketing Hubspot Architect/ Analyst-Marketing Demand Generation PM-Senior Business Analytics Manager-Product Marketing Manager-Backend Drupal Developer-Program Manager   Girls in Engineering (7376U)   TRUST   166...-Senior Marketing Web Developer-Digital Fundraising Manager-Digital Fundraising Manager-Senior Front End Engineer-Digital Marketing Manager
Company Name-ILSC Education Group-Pantheon-RSM US LLP-Urban Land Institute-Aperia Technologies-Public Health Institute-University of California Berkeley-Pantheon-Heluna Health-Ampush-Salesforce-University of California Berkeley-Benchling-art.com-Red Ventures-Zen Compound-Marsh & McLennan Companies, Inc.-TOP Agency-Pantheon-The Walmart eCommerce Family of Brands-Scalable Press-Reside Real Estate-Ironclad, Inc.-Nourish Inc.-Peninsula Jewish Community Center-University of California Berkeley-San Francisco Bicycle Coalition-Viscira-Side, Inc.-Everlaw-Esurance-Pantheon-Check Point Software Technologies Ltd.-Essie justice group-Pantheon-Megaport-Rigetti Computing-University of California Berkeley-The Appliance Repair Doctor-EPIC-Williams Sonoma, Inc.-Galileo Learning-TOP Agency-Penumbra US-Penumbra US-University of California Berkeley-Reputation Defender-Upwork-Pantheon-Viscira-University of California Berkeley-University of California Office of the President-University of California Berkeley-eWave Telecom Services & Solutions-Pantheon-University of California Berkeley-Prezi-iHomefinder-University of California Berkeley-Compass Group-Peninsula Jewish Community Center-Education Trust-University of Pennsylvania-Oath Inc-Castlight Health-First Place for Youth-Partnership On Artificial In-Rational-Conviva-mercer-Aspiranet-Searchmetrics GmbH-mercer-Innovate Public Schools-Jonckers-California State University-Community Psychiatry Management LLC-mercer-TOP Agency-MCLAB-Lawrence Berkeley National Laboratory-Torch-Pantheon-CSE Insurance Group-Pantheon-University of California Berkeley-University of California Berkeley-C3.ai-Medallia, Inc.-Life Chiropractic College West-Life Chiropractic College West-Pantheon-Numerator-Tekslist-University of California Berkeley-Collective Health-San Francisco   Marin Food Bank-SF Marin Food Bank-Bills.com-Carta
Description-"Liaise with IELTS (staying up to date on newsletters, IELTS Manuals, WordPress blog, submitting monthly reports).
Specific responsibilities and tasks onsite:"-"Fun at WordPress and Drupal community events.
Pantheon is the only WebOps platform built from the ground up for agility.
It’s an exciting time to join Pantheon."-"Knowledge of WordPress and electronic publishing (preferred).
The Editor will work collaboratively with one or several industry or line of business (LOB) teams…"-"WordPress and Adobe products desired.
As a part of the district council team, the Associate serves as a liaison among ULI headquarters, district council staff,…"-"Proficiency in graphic design software including Adobe Photoshop, Adobe Illustrator, and Wordpress.
In order for you to succeed in this role, you will need to…"-"Experience with CMS/EMS/CRM platforms such as Constant Contact, Salesforce, Mailchimp or WordPress.
The Public Health Institute (PHI) is hiring a Communications…"-High level of competency with Microsoft excel, and proficiency with WordPress, Constant Contact/Mailchimp, InDesign, or other publishing software.-"Hands on experience with WordPress and Drupal.
Pantheon is the only WebOps platform built from the ground up for agility.
What You Bring To The Table."-Heluna Health invites applications for a half time, benefited position of Community Outreach Recruitment Assistant at the Substance Use Research Unit (SURU) at…-"Do you take pride in designing clean and beautiful finished visual products?
Do you work efficiently and have great attention to detail?"-"Experience working with Kapost, Quip, AEM, and Wordpress a plus.
We are looking for a creative, collaborative, and well rounded senior writer/content marketer…"-"Knowledge of WordPress, Adobe Suite, and Smartsheet recommended.
The University of California, Berkeley, is one of the world’s most iconic teaching and research…"-"Knowledge of Google Adwords, Google Analytics, and Wordpress a bonus.
Over the next 10 years, biotech will fundamentally rewrite the way we live."-"Front end Developer works within Art.com's in house Creative Services team as a member of Creative Development.
Excellent knowledge of HTML and CSS."-"Customize WordPress via off the shelf and bespoke plugins.
Prior history working on shared Wordpress plugins or core features.
A keen eye for design."-You can write a professional email, conduct research on the internet, use Facebook pages and groups, Twitter, Instagram and LinkedIn and you’re willing to learn…-WHO WE ARE We’re Mercer   a global strategy consulting leader in health, wealth and career that is consistently recognized as a top 10 consulting employer.-"Use your knowledge of front end development + WordPress to continually evolve and enhance the National Today platform.
Complete one commit per ticket."-"Fun at WordPress and Drupal community events.
The web is Earth's most powerful communication tool.
Our mission is to put this power in the hands of our…"-"Is made up of talented people who are original thinkers and who love a culture where innovation, creativity and results are valued.
Experience with a CMS (i.e."-"Scalable Press is creating forward thinking technology and infrastructure to reinvent the mass customization industry.
Ads, landing pages, email, ads)."-"Create websites and landing pages using Wordpress.
Experience with Wordpress or a similar CMS platform.
At Side, we believe everyone should own their path."-"Experience with Marketo, Wordpress, Demandbase, Google Analytics, and AdWords.
Ironclad is the leading digital contracting platform for legal teams."-"Photography skills and knowledge of Wordpress are a plus.
Design and create printed materials, swag, menus, posters, templates, and other marketing materials to…"-"Familiarity with WordPress and basic HTML & CSS knowledge is a plus.
The Graphics Studio Manager will help lead the vision and execution of the agency’s visual…"-"Manages workflow and analytics of publishing software platforms such as MailChimp, WordPress, and Lucid Press.
The First Review Date for this job is:"-"Training on and experience with nonprofit industry standard software (Salesforce, Basecamp, WordPress, Google Suite, etc.).
May 7 (Bag Stuffing Party)."-"Responsive web design, leading CMS platforms such as Wordpress, Joomla, Drupal, etc.
We are looking for an exceptional Digital Project Manager to work with our…"-"Create websites and landing pages using Wordpress.
Experience with Wordpress or a similar CMS platform.
At Side, we believe everyone should own their path."-The bulk of the work product will consist of graphic design and production, but could also occasionally include digital animation, digital photography,…-"Working knowledge of WordPress, Google Analytics, and Copywriting principles.
Esurance combines the spunk of a startup with the backing of Allstate (the largest…"-"Familiarity with Drupal and/or WordPress.
Fun at WordPress and Drupal community events.
We are the fastest growing Drupal and WordPress platform in the world,…"-We are looking for an experienced WordPress producer to help us with web based projects and support the day to day production needs of Checkpoint.com and other…-"MailChimp), multiple social media channels, WordPress and Adobe Photoshop.
Essie Justice Group (Essie) is building grassroots power to dismantle the US…"-"Fun at WordPress and Drupal community events.
We are the fastest growing Drupal and WordPress platform in the world, powering over 285,000 sites and serving…"-"Industry leading tech company seeks experienced B2B Brand Designer.
Exciting and creative tech brand.
Gain global recognition for your work."-"Experience with HTML, CSS, Drupal, WordPress, and other web publishing tools.
Rigetti is looking for a talented creative designer to help strengthen and grow…"-"Manage, edit, and update website content using Wordpress.
The University of California, Berkeley, is one of the world’s most iconic teaching and research…"-"A working knowledge of WordPress.
The ideal Marketing Assistant will have strong project management and analytical skills, and will support the organization in…"-"Website development experience using WordPress is a plus.
This position can be based in San Francisco, San Mateo, Gold River, Los Angeles or Irvine*."-Taking full ownership of blog operations including maintaining daily editorial calendar, assigning and editing freelance contributors, writing blog posts and…-"Hands on experience with WordPress, and CRM/marketing systems such as Salesforce Marketing Cloud or equivalent.
We think the world needs more innovators."-Does your design background give you the flexibility to make everything from wireframes to prototypes to bespoke web experiences to playful animations?-As Penumbra's first Employer Brand Specialist, you will provide creative, planning, and communications support to the talent acquisition and communications…-"Working knowledge of website content management systems, including WordPress.
As our Corporate Communications Specialist, you will have the opportunity to be a…"-"Program Administrator (7376U)   1684   1684 About Berkeley.
The University of California, Berkeley, is one of the world's most iconic teaching and research…"-"ReputationDefender® provides online reputation and digital privacy solutions for individuals and businesses.
Partner with Account Managers to ensure that client…"-"Experience with Wordpress, JIRA, Google Analytics.
Santa Clara or San Francisco.
Upwork ($UPWK) is the world's largest freelancing website."-"Fun at WordPress and Drupal community events.
We are the fastest growing Drupal and WordPress platform in the world, powering over 200,000 sites and serving…"-"Responsive web design, leading CMS platforms such as Wordpress, Joomla, Drupal, etc.
Do you want to lead an exceptional cross functional team and manage the…"-"Institute Administrator (7376U), Berkeley Law   1824   1824 About Berkeley.
The University of California, Berkeley, is one of the world's most iconic teaching…"-Experience with CMSs (Drupal, Wordpress, or something similar) and basic ability to perform maintenance of digital products.-"Experience with website management and Wordpress.
Lab Manager (7376U) Job 2343   EECS   2343 About Berkeley.
The First Review Date for this job is:"-"Build and launch demand generation pages in WordPress to support all paid campaigns.
Develop and own the execution of digital demand generation strategies to…"-"Familiarity with Drupal and/or WordPress.
Fun at WordPress and Drupal community events.
We are the fastest growing Drupal and WordPress platform in the world,…"-"Experience working with WordPress software to edit and manage websites.
The University of California, Berkeley, is one of the world’s most iconic teaching and…"-"Marketo, Eloqua, Pardot, Responsys, Salesforce Marketing Cloud, Google Analytics, Chat tools, WordPress, etc).
Scale what works, fix what’s not working."-"Strong knowledge of WordPress, including themes and plugins.
IHomefinder, located in Berkeley CA and part of the FRONTSTEPS family, was established in 2001 and…"-"Experience with content management systems such as Drupal and Wordpress preferred.
Marketing Communications Specialist (7477U) Job 1766   CoE/College Relations …"-"Familiarity with WordPress and Squarespace a plus.
We have an opening for a MARKETING MANAGER position.
Internal Employee Referral Bonus Available."-"Familiarity with WordPress and basic HTML & CSS knowledge is a plus.
The PJCC is a non profit agency serving the mid peninsula for more than 65 years."-"Knowledge of WordPress is a plus.
The Education Trust–West seeks a Communications Manager to help to advance the organization’s ambitious agenda to expose and…"-"Familiarity with Adobe InDesign, Photoshop, Acrobat, and web platforms such as WordPress are preferred.
The University of Pennsylvania, the largest private…"-"Experience with WordPress or WordPress VIP.
Engineer internal and external interfaces (PHP, ~Java,~ Node, WordPress, React, Redux)."-At Castlight, our mission is to empower people to make the best choices for their health and to help companies make the most of their health benefits.-"Communications and Social Media Intern.
Flexible between 9:00 a.m. 5:00 p.m.
About First Place for Youth.
We currently serve youth in six California counties …"-"An acute insight in how to best leverage communications and CRM tools such as MailChimp, Salesforce, Slack, and WordPress;
About The Partnership on AI."-Have deep expertise and hands on experience with WordPress, Web Applications and programming languages such as HTML, PHP, CSS, JavaScript, JQuery and API's as…-"Manage updates to Conviva.com, experience with WordPress, Pardot, and SEO/analytics tracking is a plus.
Have you watched Game of Thrones on HBO or the World Cup…"-"San Francisco, California, United States.
Do you want your internship to be with a global leader in health, wealth and career consulting?
WHAT’S IT IN FOR YOU?"-"Ability to Manage and Maintain Content Management and Care Management Systems (SharePoint, WordPress, WCM etc.).
Assist users in leveraging Enterprise Features;"-Online Events – Developing, driving attendance to, and hosting webinars via WordPress landing pages and the On24 webinar platform and by leveraging an extensive…-"San Francisco, California, United States.
We’re Mercer   a global strategy consulting leader in health, wealth and career that is consistently recognized as a…"-Propose and oversee Innovate’s strategy to leverage our data, communications and web systems (e.g., Salesforce, mInsights, Linvio, WordPress) to meet the…-"Web based experience desirable – HTML, CSS, WordPress.
We are a fun, trusted, innovative and global tech enabled language services company."-San Francisco State is an Equal Opportunity Employer and does not discriminate against persons on the basis of race, religion, color, ancestry, age, disability,…-"Working knowledge of HTML, WordPress, Google Analytics, Adobe, Pardot, Hubspot and SalesForce.com.
We are looking for an energetic Marketing Manager experienced…"-"San Francisco, California, United States.
We’re Mercer   a global strategy consulting leader in health, wealth and career that is consistently recognized as a…"-Does your design background give you the flexibility to make everything from wireframes to prototypes to bespoke web experiences to playful animations?-"Demonstrated computer proficiency, including Salesforce.com, Microsoft Office (Word, Excel and PowerPoint), WordPress.
Please do not contact the MCLAB directly."-"Experience with web development using WordPress and Google.
Berkeley Lab’s Biosciences Area Office Division has an opening for a Computer Systems Engineer."-"Proficient in Adobe creative suite, Hubspot, and publishing platforms like WordPress.
Torch is looking for a dynamic Content Marketing Manager to lead content…"-"Fun at WordPress and Drupal community events.
We are the fastest growing Drupal and WordPress platform in the world, powering over 200,000 sites and serving…"-"Familiarity with design tools, Wordpress, and email marketing platforms (Constant Contact, Marketo, Mail Chimp, etc.).
Social Media and Digital Presence."-"Fun at WordPress and Drupal community events.
We are the fastest growing Drupal and WordPress platform in the world, powering over 200,000 sites and serving…"-"Knowledge of content management systems (Drupal and/or WordPress) and relevant tools used for web site production.
The First Review Date for this job is:"-"Knowledge of content management systems (Drupal and/or WordPress) and relevant tools used for web site production.
The First Review Date for this job is:"-"Deep understanding of content management systems, preferably WordPress, and SEO plug ins or related tools.
C3.ai is a leading enterprise AI software provider…"-"Hands on experience with WordPress, CMS, HTML/CSS3 and Javascript (ES6), and responsive web design.
Medallia’s mission is to help companies win through customer…"-"Knowledge and experience of WordPress.
Support the campaign lead to concept, plan, collaborate, and build innovative, multi channel lead generation and nurture…"-"Knowledge and experience of WordPress.
Life Chiropractic College West (Life West), is a leader in chiropractic education.
Google Adwords, SEO, SEM, PPC."-"Fun at WordPress and Drupal community events.
We are the fastest growing Drupal and WordPress platform in the world, powering over 285,000 sites and serving…"-"Experience with WordPress & Drupal, Adobe Suite, Salesforce, and Marketo is a big plus.
Numerator is a market intelligence firm that brings together omnichannel…"-Tekslist has an immediate need for a Backend Drupal Developer to support current and future Drupal web based solutions and hosting infrastructure for its web…-"Website development and management experience, including experience with WordPress, a plus.
Program Manager   Girls in Engineering (7376U)   TRUST   1664 About…"-"Full stack web development for multiple web properties on Wordpress, Hubspot, etc.
Do you love to create stellar online marketing experiences that engage and…"-Help tell the story of the San Francisco Marin Food Bank, one of the Bay Area’s most beloved and iconic nonprofit organizations.-Help tell the story of the San Francisco Marin Food Bank, one of the Bay Area’s most beloved and iconic nonprofit organizations.-"Occasionally build new pages / templates / modules on WordPress.
Experience of WordPress (basic usage + coding of templates or plugins)."-"Familiarity and some experience with Wordpress, Marketo, and Salesforce.
At Carta, we’re focused on creating more owners, and increasing transparency and…"
Location-San Francisco, CA-San Francisco, CA-San Francisco, CA 94104 (Financial District area)-San Francisco, CA 94111 (Financial District area)-Burlingame, CA 94010-Oakland, CA 94607 (Acorn Acorn Industrial area)-Berkeley, CA-San Francisco, CA-San Francisco, CA-San Francisco, CA-San Francisco, CA 94105 (Financial District area)-Berkeley, CA-San Francisco, CA 94103 (South Of Market area)-Emeryville, CA 94608-San Francisco, CA-San Francisco, CA 94105 (Financial District area)-San Francisco, CA-San Francisco, CA-San Francisco, CA-Emeryville, CA-San Francisco, CA-San Francisco, CA-San Francisco, CA-San Francisco, CA-Foster City, CA-Berkeley, CA-San Francisco, CA 94102 (Downtown area)-San Francisco, CA-San Francisco, CA-Oakland, CA 94612-San Francisco, CA 94105 (Financial District area)-San Francisco, CA-San Carlos, CA 94070-Oakland, CA 94612-San Francisco, CA-San Francisco Bay Area, CA-Berkeley, CA-Berkeley, CA-Alameda, CA 94501-San Francisco, CA 94105 (Financial District area)-San Francisco, CA 94109 (Nob Hill area)-Oakland, CA 94607 (Acorn Acorn Industrial area)-San Francisco, CA-Alameda, CA-Alameda, CA-Berkeley, CA 94720-Redwood City, CA-San Francisco Bay Area, CA-San Francisco, CA-San Francisco, CA-Berkeley, CA 94720-Oakland, CA 94607 (Acorn Acorn Industrial area)-Berkeley, CA 94720-San Francisco, CA 94108 (Financial District area)-San Francisco, CA-Berkeley, CA-San Francisco, CA 94133 (Russian Hill area)-Berkeley, CA 94704-Berkeley, CA 94720-San Francisco, CA 94104 (Financial District area)-Foster City, CA-Oakland, CA 94612-San Francisco, CA-San Francisco, CA-San Francisco, CA 94105 (Financial District area)-Oakland, CA 94612-San Francisco, CA-San Francisco, CA-Foster City, CA-San Francisco, CA-South San Francisco, CA 94080-San Mateo, CA-San Francisco, CA-San Francisco Bay Area, CA-San Mateo, CA-San Francisco, CA-San Francisco, CA 94104 (Financial District area)-San Francisco, CA-San Francisco, CA-San Francisco, CA-San Francisco Bay Area, CA-San Francisco, CA-San Francisco, CA-Walnut Creek, CA 94596-San Francisco, CA-Berkeley, CA 94720-Berkeley, CA 94720-Redwood City, CA-San Mateo, CA-Hayward, CA 94545 (Glen Eden area)-Hayward, CA 94545 (Glen Eden area)-San Francisco, CA-San Francisco, CA-San Ramon, CA-Berkeley, CA 94720-San Francisco, CA-San Francisco, CA 94107 (South Of Market area)-San Francisco, CA-San Mateo, CA 94402 (Beresford area)-San Francisco, CA
Job Date-30+ days ago-13 days ago-2 days ago-30+ days ago-30+ days ago-30+ days ago-30+ days ago-5 days ago-26 days ago-30+ days ago-3 days ago-30+ days ago-30+ days ago-30+ days ago-19 days ago-4 days ago-30+ days ago-5 days ago-30+ days ago-30+ days ago-7 days ago-30+ days ago-30+ days ago-30+ days ago-11 days ago-30+ days ago-30+ days ago-30+ days ago-30+ days ago-30+ days ago-30+ days ago-30+ days ago-20 days ago-30+ days ago-30+ days ago-10 days ago-30+ days ago-30+ days ago-30+ days ago-30+ days ago-30+ days ago-25 days ago-3 days ago-30+ days ago-30+ days ago-24 days ago-21 days ago-30+ days ago-30+ days ago-30+ days ago-24 days ago-6 days ago-3 days ago-30+ days ago-30+ days ago-30+ days ago-30+ days ago-10 days ago-25 days ago-20 days ago-11 days ago-30+ days ago-30+ days ago-30+ days ago-30+ days ago-26 days ago-30+ days ago-27 days ago-25 days ago-4 days ago-30+ days ago-16 days ago-30+ days ago-30+ days ago-26 days ago-30+ days ago-30+ days ago-5 days ago-11 days ago-30+ days ago-23 days ago-30+ days ago-30+ days ago-17 days ago-30+ days ago-20 days ago-23 days ago-30+ days ago-30+ days ago-2 days ago-24 days ago-30+ days ago-30+ days ago-28 days ago-24 days ago-25 days ago-30+ days ago-30+ days ago-30+ days ago-30+ days ago
